{"tasks": {"音箱控制": {"关闭音箱": {"input": [{"isRequired": 0, "refName": "#楼层#", "name": "楼层", "entity": "sys.整数"}, {"isRequired": 0, "refName": "#位置#", "name": "位置", "entity": "sys.房间名称"}], "output": {"dataFrom": "empty", "widgetName": "default", "response": [{"nextIntent": [], "runSequence": "nlgFirst", "command": "", "nlg": [{"slot": 0, "content": [{"text": "该功能暂未实现"}]}], "recommendations": [], "condition": [{"opt": "always", "param": "", "val": []}]}], "duiWidget": "text"}, "error": {"asrEmpty": {"errType": "default", "errMsg": []}, "nluEmpty": {"errType": "default", "errMsg": []}}}, "打开音箱": {"input": [{"isRequired": 0, "refName": "#楼层#", "name": "楼层", "entity": "sys.整数"}, {"isRequired": 0, "refName": "#位置#", "name": "位置", "entity": "sys.房间名称"}, {"isRequired": 0, "refName": "#sys.技能操作词#", "name": "sys.技能操作词", "entity": "sys.技能操作词"}, {"isRequired": 0, "refName": "#sys.技能调用名#", "name": "sys.技能调用名", "entity": "sys.技能调用名"}, {"isRequired": 0, "refName": "#sys.技能输入#", "name": "sys.技能输入", "entity": "sys.any任意文本"}], "output": {"dataFrom": "empty", "widgetName": "default", "response": [{"nextIntent": [], "runSequence": "nlgFirst", "command": "", "nlg": [{"slot": 0, "content": [{"text": "该功能暂未实现"}]}], "recommendations": [], "condition": [{"opt": "always", "param": "", "val": []}]}], "duiWidget": "text"}, "error": {"asrEmpty": {"errType": "default", "errMsg": []}, "nluEmpty": {"errType": "default", "errMsg": []}}}, "音量调节": {"input": [{"isRequired": 0, "refName": "#绝对音量#", "name": "绝对音量", "entity": "sys.绝对音量"}, {"isRequired": 0, "refName": "#相对音量#", "name": "相对音量", "entity": "sys.相对音量"}], "output": {"dataFrom": "empty", "widgetName": "default", "response": [{"nextIntent": [], "runSequence": "nlgFirst", "command": "", "nlg": [{"slot": 0, "content": [{"text": "该功能暂未实现"}]}], "recommendations": [], "condition": [{"opt": "always", "param": "", "val": []}]}], "duiWidget": "text"}, "error": {"asrEmpty": {"errType": "default", "errMsg": []}, "nluEmpty": {"errType": "default", "errMsg": []}}}}}, "config": {"isFallback": false}}